﻿Designator,Footprint,Quantity,Value,LCSC Part #
"C1, C10, C13, C15, C16, C18, C2, C21, C3, C4, C8",0402,11,0.1u,C1525
"C11, C20, C5, C6, C7, C9",0402,6,10n,C15195
"C12, C14, C17, C19",0402,4,10u,C15525
D1,D_SOD-123,1,MBR130,C48974
"D2, D4",0805,2,G,C2297
D3,0603,1,R,C2286
D5,0201,1,B,
J1,PinHeader_1x08_P2.54mm_Vertical,1,Conn_01x08,
"J2, J4, J5, J9",PinHeader_2x01_P2.54mm_Vertical,4,Conn_02x01,
"J3, J6",PinHeader_1x16_P2.54mm_Vertical,2,Conn_01x16,
J7,PinSocket_2x02_P2.54mm_Vertical,1,Conn_02x02_Odd_Even,
J8,PinHeader_1x03_P2.54mm_Vertical,1,Conn_01x03,
R19,0805,1,1K,C17513
"R5, R6, R7, R8, R9",0805,5,10K,C17414
U1,QFN-48-1EP_7x7mm_P0.5mm_EP5.6x5.6mm,1,ICE40UP5K-SG48ITR,C2678152
U2,SOT-223-3_TabPin2,1,AMS1117-1.2,C14529
U3,SOT-223-3_TabPin2,1,AMS1117-3.3,C6186
U4,SOIC-8_5.3x5.3mm_P1.27mm,1,W25Q128JVS,C97521
U5,SOIC-8_3.9x4.9mm_P1.27mm,1,FM24C64B,C79988
X1,Oscillator_SMD_Abracon_ASE-4Pin_3.2x2.5mm,1,MPUOSC,C9006
